Number of Hosts,aosd,dosd,edf,random,rr
3,1.0291575758728746,1.0274965964468812,1.0861352856131072,0.22384158957426015,1.0192281316114715
4,1.027050597110216,1.02689972792858,1.0884505193554812,0.25717730893515517,1.0292806399125383
5,1.0258419137074528,1.017682557093152,1.0853602095590411,0.23722288159626317,1.0310179889996167
6,1.027922122731245,1.028150076798909,1.0857869068293904,0.23425188230144026,1.0271352708625794
7,1.026543143894042,1.02581663049845,1.0857634922165527,0.25432274767424845,1.0311080192480997
8,1.0245293767667518,1.025503137815806,1.0854796744669277,0.2296222772916354,1.013847676167134
9,1.018728679166395,1.0268043125014692,1.0856047571164948,0.23404465734535077,1.0258084354535715
